Account Number,Customer Service Number,Wireless Number,Data Plan,Address,Recurring Charges,Adjustments,Usage Charges,One Time Charges,Other Charges,Third-party Charges,Taxes & Surcharges,Total Current Charges,Plan,Device Model,Balance of Remaining Payments,Final Charge,Monthly Charge
973050003,1-800-937-8997,316-208-4475,Bus Unl Data 10 GB HS Mobile Internet Gigabytes U n l i m ited -,"7 4 8 5 W B A D U R A A V E , S TE 101",10.00,-,-,-,33.91,-,1.20,45.11,202304241108982915,iPhone 13 - Midnight - 128GB,334.53,0, 30.42
973050003,1-800-937-8997,405-394-3595,Bus Unl Data 10 GB HS Mobile Internet Gigabytes U n l i m ited -,1 0 8 4 0 H A R N E Y S T,10.00,-,-,-,29.74,-,2.82,42.56,202401021103561508,iPhone 13 - Midnight - 128GB,498.74,0, 26.25
973050003,1-800-937-8997,470-652-6734,Bus Unl Data 10 GB HS Mobile Internet Gigabytes U n l i m ited -,2 0 1 1 B E A C O N R I D G E W AY APT D,25.00,-,-,-,33.91,-,1.00,59.91,202305081100023267,iPhone 13 - Midnight - 128GB,334.53,0, 30.42
973050003,1-800-937-8997,704-913-8608,Bus Unl Data 10 GB HS Mobile Internet Gigabytes U n l i m ited -,1 0 8 4 0 H A R N E Y S T,10.00,-,-,-,3.49,-,1.20,14.69,202204061109555164,iPhone12ProMax-PacificBlue-512GB,0.00,0,0
