Account Number,Customer Service Number,Wireless Number,Data Plan,Address,Recurring Charges,Adjustments,Usage Charges,One Time Charges,Other Charges,Third-party Charges,Taxes & Surcharges,Total Current Charges
973050003,1-800-937-8997,216-296-0461,Bus Unl Data 10 GB HS Mobile Internet Gigabytes U n l i m ited -,"7 4 8 5 W B A D U R A A V E , S TE 101",10.00,-,-,-,3.49,-,1.20,14.69
973050003,1-800-937-8997,224-242-0696,Bus Unl Data 10 GB HS Mobile Internet Gigabytes U n l i m ited -,1 6 0 S O U T H G E N E R A L B RUCE DR UNIT B,10.00,-,-,-,3.49,-,1.20,14.69
973050003,1-800-937-8997,254-987-1529,Bus Subsidy Select 5GBHS Mobile Internet Gigabytes U n l i m ited -,1 0 8 4 0 H A R N E Y S T,25.00,-,-,-,3.49,-,1.60,30.09
973050003,1-800-937-8997,256-324-8928,Bus Unl Data 10 GB HS Mobile Internet Gigabytes U n l i m ited -,"7 4 8 5 W B A D U R A A V E , S TE 101",10.00,-,-,-,3.49,-,2.82,16.31
973050003,1-800-937-8997,281-770-4533,Bus Unl Data 10 GB HS Mobile Internet Gigabytes U n l i m ited -,"7 4 8 5 W B A D U R A A V E , S TE 101",10.00,-,-,-,3.49,-,1.20,14.69
973050003,1-800-937-8997,316-208-4475,Bus Unl Data 10 GB HS Mobile Internet Gigabytes U n l i m ited -,"7 4 8 5 W B A D U R A A V E , S TE 101",10.00,-,-,-,33.91,-,1.20,45.11
973050003,1-800-937-8997,402-312-5379,Bus Unl Data 10 GB HS Mobile Internet Gigabytes U n l i m ited -,"7 4 8 5 W B A D U R A A V E , S TE 101",10.00,-,-,-,3.49,-,1.20,14.69
973050003,1-800-937-8997,402-943-7304,Bus Unl Data 10 GB HS Mobile Internet Gigabytes U n l i m ited -,1 0 8 4 0 H A R N E Y S T,10.00,-,-,-,3.49,-,1.20,14.69
973050003,1-800-937-8997,405-394-3595,Bus Unl Data 10 GB HS Mobile Internet Gigabytes U n l i m ited -,1 0 8 4 0 H A R N E Y S T,10.00,-,-,-,29.74,-,2.82,42.56
973050003,1-800-937-8997,412-589-3096,Bus Subsidy Select 5GBHS Mobile Internet Gigabytes U n l i m ited -,"7 4 8 5 W B A D U R A A V E , S TE 101",28.00,-,-,498.19,3.49,-,0.63,530.31
973050003,1-800-937-8997,443-336-1165,Bus Unl Data 10 GB HS Mobile Internet Gigabytes U n l i m ited -,"7 4 8 5 W B A D U R A A V E , S TE 101",14.00,-,-,-,3.49,-,1.43,18.92
973050003,1-800-937-8997,469-460-4004,Bus Unl Data 10 GB HS Mobile Internet Gigabytes U n l i m ited -,4 5 1 2 B A N Y A N L A N E,10.00,-,-,-,3.49,-,1.20,14.69
973050003,1-800-937-8997,469-693-5051,Bus Subsidy Select 5GBHS Mobile Internet Gigabytes U n l i m ited -,3 2 2 6 S W 3 0 T H A V E,25.00,-,-,-,3.49,-,1.63,30.12
973050003,1-800-937-8997,470-652-6734,Bus Unl Data 10 GB HS Mobile Internet Gigabytes U n l i m ited -,2 0 1 1 B E A C O N R I D G E W AY APT D,25.00,-,-,-,33.91,-,1.00,59.91
973050003,1-800-937-8997,501-489-5080,Bus Unl Data 10 GB HS Mobile Internet Gigabytes U n l i m ited -,"7 4 8 5 W B A D U R A A V E , S TE 101",25.00,-,-,-,3.49,-,2.24,30.73
973050003,1-800-937-8997,515-554-2208,Bus Unl Data 10 GB HS Mobile Internet Gigabytes U n l i m ited -,"7 4 8 5 W B A D U R A A V E , S TE 101",10.00,-,-,-,3.49,-,1.20,14.69
973050003,1-800-937-8997,515-867-4146,Bus Unl Data 10 GB HS Mobile Internet Gigabytes U n l i m ited -,"7 4 8 5 W B A D U R A A V E , S TE 101",10.00,-,-,-,3.49,-,1.20,14.69
973050003,1-800-937-8997,540-512-0016,Bus Unl Data 10 GB HS Mobile Internet Gigabytes U n l i m ited -,"1 3 1 9 L A F A Y E T T E B O U L EVARD, SUITE 200",10.00,-,-,-,3.49,-,1.20,14.69
973050003,1-800-937-8997,540-571-8696,Bus Subsidy Select 5GBHS Mobile Internet Gigabytes U n l i m ited -,"7 4 8 5 W B A D U R A A V E , S TE 101",30.00,-,-,-,3.49,-,1.22,34.71
973050003,1-800-937-8997,540-877-7285,Bus Unl Data 10 GB HS Mobile Internet Gigabytes U n l i m ited -,"7 4 8 5 W B A D U R A A V E , S TE 101",10.00,-,-,-,3.49,-,1.20,14.69
973050003,1-800-937-8997,605-376-9503,Bus Unl Data 10 GB HS Mobile Internet Gigabytes U n l i m ited -,"7 4 8 5 W B A D U R A A V E , S TE 101",10.00,-,-,-,3.49,-,1.20,14.69
973050003,1-800-937-8997,612-220-5218,Bus Unl Data 10 GB HS Mobile Internet Gigabytes U n l i m ited -,"7 4 8 5 W B A D U R A A V E , S TE 101",10.00,-,-,-,3.49,-,1.20,14.69
973050003,1-800-937-8997,615-795-8739,Bus Unl Data 10 GB HS Mobile Internet Gigabytes U n l i m ited -,3 0 7 0 0 C A R T E R D R # B,10.00,-,-,-,3.49,-,1.20,14.69
973050003,1-800-937-8997,616-890-1550,Bus Subsidy Select 5GBHS Mobile Internet Gigabytes U n l i m ited -,"7 4 8 5 W B A D U R A A V E , S TE 101",25.00,-,-,-,3.49,-,0.77,29.26
973050003,1-800-937-8997,623-261-3585,Bus Unl Data 10 GB HS Mobile Internet Gigabytes U n l i m ited -,"7 4 8 5 W B A D U R A A V E , S TE 101",10.00,-,-,-,3.49,-,1.20,14.69
973050003,1-800-937-8997,641-444-8809,Bus Unl Data 10 GB HS Mobile Internet Gigabytes U n l i m ited -,"7 4 8 5 W B A D U R A A V E , S TE 101",10.00,-,-,-,3.49,-,1.20,14.69
973050003,1-800-937-8997,641-444-8811,Bus Unl Data 10 GB HS Mobile Internet Gigabytes U n l i m ited -,"7 4 8 5 W B A D U R A A V E , S TE 101",10.00,-,-,-,3.49,-,1.20,14.69
973050003,1-800-937-8997,678-464-7453,Bus Unl Data 10 GB HS Mobile Internet Gigabytes U n l i m ited -,4 7 9 1 H U G H H O W E L L R OAD,10.00,-,-,-,3.49,-,1.20,14.69
973050003,1-800-937-8997,678-557-1999,Bus Subsidy Select 5GBHS Mobile Internet Gigabytes U n l i m ited -,4 7 9 1 H U G H H O W E L L R OAD,25.00,-,-,-,3.49,-,1.87,30.36
973050003,1-800-937-8997,678-907-1656,Bus Subsidy Select 5GBHS Mobile Internet Gigabytes U n l i m ited -,4 7 9 1 H U G H H O W E L L R OAD,25.00,-,-,-,3.49,-,1.87,30.36
973050003,1-800-937-8997,678-907-2011,Bus Subsidy Select 5GBHS Mobile Internet Gigabytes U n l i m ited -,"7 1 6 0 W E D D I N G T O N R D , STE 104/108/112",25.00,-,-,-,3.49,-,1.87,30.36
973050003,1-800-937-8997,704-352-0396,Bus Subsidy Select 5GBHS Mobile Internet Gigabytes U n l i m ited -,"7 4 8 5 W B A D U R A A V E , S TE 101",25.00,-,-,-,3.49,-,1.04,29.53
973050003,1-800-937-8997,704-467-0271,Bus Unl Data 10 GB HS Mobile Internet Gigabytes U n l i m ited -,"7 4 8 5 W B A D U R A A V E , S TE 101",10.00,-,-,-,3.49,-,1.20,14.69
973050003,1-800-937-8997,704-497-8782,Bus Unl Data 10 GB HS Mobile Internet Gigabytes U n l i m ited -,"7 4 8 5 W B A D U R A A V E , S TE 101",10.00,-,-,-,3.49,-,1.20,14.69
973050003,1-800-937-8997,704-507-0393,Bus Unl Data 10 GB HS Mobile Internet Gigabytes U n l i m ited -,1 3 5 2 6 W A V E R T O N L A N E,10.00,-,-,-,3.49,-,1.20,14.69
973050003,1-800-937-8997,704-834-0881,Bus Subsidy Select 5GBHS Mobile Internet Gigabytes U n l i m ited -,"7 4 8 5 W B A D U R A A V E , S TE 101",30.00,-,-,-,3.49,-,1.06,34.55
973050003,1-800-937-8997,704-913-8608,Bus Unl Data 10 GB HS Mobile Internet Gigabytes U n l i m ited -,1 0 8 4 0 H A R N E Y S T,10.00,-,-,-,3.49,-,1.20,14.69
973050003,1-800-937-8997,720-203-7349,Bus Subsidy Select 5GBHS Mobile Internet Gigabytes U n l i m ited -,3 3 2 1 N I N T E R S T A T E 3 5 SUITE #100,25.00,-,-,-,3.49,-,2.90,31.39
973050003,1-800-937-8997,737-781-2050,Bus Subsidy Select 5GBHS Mobile Internet Gigabytes U n l i m ited -,3 0 7 0 0 C A R T E R D R I V E S UITE B,25.00,-,-,-,3.49,-,1.63,30.12
973050003,1-800-937-8997,740-708-2292,Bus Subsidy Select 5GBHS Mobile Internet Gigabytes U n l i m ited -,1 0 8 4 0 H A R N E Y S T,25.00,-,-,-,3.49,-,0.77,29.26
973050003,1-800-937-8997,816-912-7749,Bus Unl Data 10 GB HS Mobile Internet Gigabytes U n l i m ited -,4 1 5 0 N . S A M H O U S T O N PKWY E STE 150,10.00,-,-,-,3.49,-,2.82,16.31
973050003,1-800-937-8997,832-425-2531,Bus Subsidy Select 5GBHS Mobile Internet Gigabytes U n l i m ited -,4 1 5 0 N . S A M H O U S T O N PKWY E STE 150,29.00,-,-,-,3.49,-,1.64,34.13
973050003,1-800-937-8997,832-946-2948,Bus Subsidy Select 5GBHS Mobile Internet Gigabytes U n l i m ited -,6 9 9 7 P E L H A M R O A D S U ITE B,29.00,-,-,-,3.49,-,1.64,34.13
973050003,1-800-937-8997,864-789-0789,Bus Subsidy Select 5GBHS Mobile Internet Gigabytes U n l i m ited -,9 4 5 6 P H I L L I P S H W Y S U ITE 5,30.00,-,-,-,3.49,-,0.96,34.45
973050003,1-800-937-8997,904-921-0398,Bus Subsidy Select 5GBHS Mobile Internet Gigabytes U n l i m ited -,"7 4 8 5 W B A D U R A A V E , S TE 101",30.00,-,-,-,3.49,-,1.05,34.54
973050003,1-800-937-8997,916-842-0538,Bus Unl Data 10 GB HS Mobile Internet Gigabytes U n l i m ited -,"7 4 8 5 W B A D U R A A V E , S TE 101",10.00,-,-,-,3.49,-,1.20,14.69
973050003,1-800-937-8997,919-605-7406,Bus Subsidy Select 5GBHS Mobile Internet Gigabytes U n l i m ited -,3 2 2 6 S W 3 0 T H A V E,30.00,-,-,-,3.49,-,1.23,34.72
973050003,1-800-937-8997,954-395-6975,Bus Subsidy Select 5GBHS Mobile Internet Gigabytes U n l i m ited -,"7 4 8 5 W B A D U R A A V E , S TE 101",25.00,-,-,-,3.49,-,1.00,29.49
973050003,1-800-937-8997,970-980-6366,Bus Unl Data 10 GB HS Mobile Internet Gigabytes U n l i m ited -,1 0 8 4 0 H A R N E Y S T,10.00,-,-,-,3.49,-,1.20,14.69
973050003,1-800-937-8997,971-261-8926,Bus Unl Data 10 GB HS Mobile Internet Gigabytes U n l i m ited -,1 7 5 0 M C G I L C H R I S T S T SE,10.00,-,-,-,3.49,-,2.82,16.31
973050003,1-800-937-8997,971-427-2678,Bus Subsidy Select 5GBHS Mobile Internet Gigabytes U n l i m ited -,"7 4 8 5 W B A D U R A A V E , S TE 101",25.00,-,-,-,3.49,-,1.99,30.48
973050003,1-800-937-8997,972-670-6840,Bus Unl Data 10 GB HS Mobile Internet Gigabytes U n l i m ited -,"7 4 8 5 W B A D U R A A V E , S TE 101",10.00,-,-,-,3.49,-,1.20,14.69
973050003,1-800-937-8997,972-670-6844,Bus Unl Data 10 GB HS Mobile Internet Gigabytes U n l i m ited -,4 1 5 0 N . S A M H O U S T O N PKWY E STE 150,10.00,-,-,-,3.49,-,1.20,14.69
973050003,1-800-937-8997,979-349-5642,Bus Subsidy Select 5GBHS Mobile Internet Gigabytes U n l i m ited -,4 1 5 0 N . S A M H O U S T O N PKWY E STE 150,25.00,-,-,-,3.49,-,1.58,30.07
973050003,1-800-937-8997,979-349-9828,Bus Subsidy Select 5GBHS Mobile Internet Gigabytes U n l i m ited -,"7 4 8 5 W B A D U R A A V E , S TE 101",25.00,-,-,-,3.49,-,1.58,30.07
973050003,1-800-937-8997,980-240-4402,Bus Unl Data 10 GB HS Mobile Internet Gigabytes U n l i m ited -,,10.00,-,-,-,3.49,-,1.20,14.69
