Wireless Number,Plan,User Name,Plans,Usage charges,Equipment,Services,One-time charges,Taxes & Fees,Total
5052204069,NA,"Klinger Constructors , Llc",$39.99,NA,NA,NA,NA,$5.65,$45.64
5052638011,NA,"Klinger Constructors , Llc",$25.00,NA,NA,NA,NA,$1.40,$26.40
5052802740,NA,"Klinger Constructors , Llc",$39.99,NA,NA,NA,NA,$5.65,$45.64
5053062070,NA,"Klinger Constructors , Llc",$25.00,NA,NA,NA,NA,$1.40,$26.40
5053186034,NA,"Klinger Constructors , Llc",$39.99,NA,NA,NA,NA,$5.65,$45.64
5054010870,NA,"Klinger Constructors , Llc",$39.99,NA,NA,NA,NA,$5.65,$45.64
5054639388,NA,"Klinger Constructors , Llc",$39.99,NA,NA,NA,NA,$5.65,$45.64
5054639900,NA,"Klinger Constructors , Llc",$39.99,NA,NA,NA,NA,$5.65,$45.64
5056044597,NA,"Klinger Constructors , Llc",$39.99,NA,NA,NA,NA,$5.65,$45.64
5056887343,NA,"Klinger Constructors , Llc",$39.99,NA,NA,NA,NA,$5.65,$45.64
5053407050,NA,"Mpp Management, Inc.",$39.99,NA,NA,NA,NA,$5.30,$45.29
