Account Number,Customer Service Number,Wireless Number,Data Plan,Address,Recurring Charges,Adjustments,Usage Charges,One Time Charges,Other Charges,Third-party Charges,Taxes & Surcharges,Total Current Charges,Plan,Device Model,Balance of Remaining Payments,Final Charge,Monthly Charge
973050003,1-800-937-8997,316-208-4475,Bus Unl Data 10 GB HS Mobile Internet Gigabytes U n l i m ited -,"7 4 8 5 W B A D U R A A V E , S TE 101",10.00,-,-,-,33.91,-,1.19,45.10,202304241108982915,iPhone 13 - Midnight - 128GB,212.85,0, 30.42
973050003,1-800-937-8997,405-394-3595,Bus Unl Data 10 GB HS Mobile Internet Gigabytes U n l i m ited -,1 0 8 4 0 H A R N E Y S T,10.00,-,-,-,29.74,-,2.84,42.58,202401021103561508,iPhone 13 - Midnight - 128GB,393.74,0, 26.25
973050003,1-800-937-8997,470-652-6734,Bus Unl Data 10 GB HS Mobile Internet Gigabytes U n l i m ited -,2 0 1 1 B E A C O N R I D G E W AY APT D,25.00,-,-,-,33.91,-,1.01,59.92,202305081100023267,iPhone 13 - Midnight - 128GB,212.85,0, 30.42
973050003,1-800-937-8997,605-376-9503,Bus Unl Data 10 GB HS Mobile Internet Gigabytes U n l i m ited -,"7 4 8 5 W B A D U R A A V E , S TE 101",10.00,-,-,-,33.91,-,1.19,45.10,202409061103910861,iPhone 14 - Midnight - 128GB,699.57,0, 30.42
973050003,1-800-937-8997,612-220-5218,Bus Unl Data 10 GB HS Mobile Internet Gigabytes U n l i m ited -,"7 4 8 5 W B A D U R A A V E , S TE 101",10.00,-,-,29.77,29.74,-,1.19,70.70,202409231106265296,iPhone 14 - Midnight - 128GB,629.99,0, 26.25
973050003,1-800-937-8997,704-674-5048,Business Unl Select 5GBHS Mobile Internet Gigabytes U n l i m ited -,1 3 5 2 6 W A V E R T O N L A N E,65.00,-,-,-,33.91,-,1.20,100.11,202408221102379889,iPhone 14 - Midnight - 128GB,699.57,0, 30.42
