wireless number,Recurring Charges,Adjustments,Usage Charges,One Time Charges,Other Charges,Third-party Charges,Taxes & Surcharges,Total Current Charges,Data Usage (KB),Data Usage (MB),Voice Roaming,Messaging Roaming,Data Roaming (KB),Data Roaming (MB),Data Roaming (GB),User name,Invoice number,ECPD Profile,User ID,Foundation account,item category,item description,bill_date
209-666-7328,10.00,-,-,-,3.49,-,1.20,14.69,0,0,0,0,0,0,0,,,,,,Monthly Charges,Bus Unl Data 10 GB HS Mobile Internet Gigabytes U n l i m ited -,"Jun 19, 2024"
216-296-0461,10.00,-,-,-,3.49,-,1.20,14.69,0,0,0,0,0,0,0,,,,,,Monthly Charges,Bus Unl Data 10 GB HS Mobile Internet Gigabytes U n l i m ited -,"Jun 19, 2024"
224-242-0696,10.00,-,-,-,3.49,-,1.20,14.69,0,0,0,0,0,0,0,,,,,,Monthly Charges,Bus Unl Data 10 GB HS Mobile Internet Gigabytes U n l i m ited -,"Jun 19, 2024"
254-987-1529,25.00,-,-,-,3.49,-,1.60,30.09,0,0,0,0,0,0,0,,,,,,Monthly Charges,Bus Subsidy Select 5GBHS Mobile Internet Gigabytes U n l i m ited -,"Jun 19, 2024"
256-324-8928,10.00,-,-,-,3.49,-,2.82,16.31,0,0,0,0,0,0,0,,,,,,Monthly Charges,Bus Unl Data 10 GB HS Mobile Internet Gigabytes U n l i m ited -,"Jun 19, 2024"
281-770-4533,10.00,-,-,-,3.49,-,1.20,14.69,0,0,0,0,0,0,0,,,,,,Monthly Charges,Bus Unl Data 10 GB HS Mobile Internet Gigabytes U n l i m ited -,"Jun 19, 2024"
316-208-4475,10.00,-,-,-,33.91,-,1.20,45.11,0,0,0,0,0,0,0,,,,,,Monthly Charges,Bus Unl Data 10 GB HS Mobile Internet Gigabytes U n l i m ited -,"Jun 19, 2024"
402-312-5379,10.00,-,-,-,3.49,-,1.20,14.69,0,0,0,0,0,0,0,,,,,,Monthly Charges,Bus Unl Data 10 GB HS Mobile Internet Gigabytes U n l i m ited -,"Jun 19, 2024"
402-943-7304,10.00,-,-,-,3.49,-,1.20,14.69,0,0,0,0,0,0,0,,,,,,Monthly Charges,Bus Unl Data 10 GB HS Mobile Internet Gigabytes U n l i m ited -,"Jun 19, 2024"
405-394-3595,10.00,-,-,-,29.74,-,2.82,42.56,0,0,0,0,0,0,0,,,,,,Monthly Charges,Bus Unl Data 10 GB HS Mobile Internet Gigabytes U n l i m ited -,"Jun 19, 2024"
412-589-3096,28.00,-,-,498.19,3.49,-,0.63,530.31,0,0,0,0,0,0,0,,,,,,Monthly Charges,Bus Subsidy Select 5GBHS Mobile Internet Gigabytes U n l i m ited -,"Jun 19, 2024"
443-336-1165,14.00,-,-,-,3.49,-,1.43,18.92,0,0,0,0,0,0,0,,,,,,Monthly Charges,Bus Unl Data 10 GB HS Mobile Internet Gigabytes U n l i m ited -,"Jun 19, 2024"
469-460-4004,10.00,-,-,-,3.49,-,1.20,14.69,0,0,0,0,0,0,0,,,,,,Monthly Charges,Bus Unl Data 10 GB HS Mobile Internet Gigabytes U n l i m ited -,"Jun 19, 2024"
469-693-5051,25.00,-,-,-,3.49,-,1.63,30.12,0,0,0,0,0,0,0,,,,,,Monthly Charges,Bus Subsidy Select 5GBHS Mobile Internet Gigabytes U n l i m ited -,"Jun 19, 2024"
470-652-6734,25.00,-,-,-,33.91,-,1.00,59.91,0,0,0,0,0,0,0,,,,,,Monthly Charges,Bus Unl Data 10 GB HS Mobile Internet Gigabytes U n l i m ited -,"Jun 19, 2024"
501-489-5080,25.00,-,-,-,3.49,-,2.24,30.73,0,0,0,0,0,0,0,,,,,,Monthly Charges,Bus Unl Data 10 GB HS Mobile Internet Gigabytes U n l i m ited -,"Jun 19, 2024"
515-554-2208,10.00,-,-,-,3.49,-,1.20,14.69,0,0,0,0,0,0,0,,,,,,Monthly Charges,Bus Unl Data 10 GB HS Mobile Internet Gigabytes U n l i m ited -,"Jun 19, 2024"
515-867-4146,10.00,-,-,-,3.49,-,1.20,14.69,0,0,0,0,0,0,0,,,,,,Monthly Charges,Bus Unl Data 10 GB HS Mobile Internet Gigabytes U n l i m ited -,"Jun 19, 2024"
540-512-0016,10.00,-,-,-,3.49,-,1.20,14.69,0,0,0,0,0,0,0,,,,,,Monthly Charges,Bus Unl Data 10 GB HS Mobile Internet Gigabytes U n l i m ited -,"Jun 19, 2024"
540-571-8696,30.00,-,-,-,3.49,-,1.22,34.71,0,0,0,0,0,0,0,,,,,,Monthly Charges,Bus Subsidy Select 5GBHS Mobile Internet Gigabytes U n l i m ited -,"Jun 19, 2024"
540-877-7285,10.00,-,-,-,3.49,-,1.20,14.69,0,0,0,0,0,0,0,,,,,,Monthly Charges,Bus Unl Data 10 GB HS Mobile Internet Gigabytes U n l i m ited -,"Jun 19, 2024"
605-376-9503,10.00,-,-,-,3.49,-,1.20,14.69,0,0,0,0,0,0,0,,,,,,Monthly Charges,Bus Unl Data 10 GB HS Mobile Internet Gigabytes U n l i m ited -,"Jun 19, 2024"
612-220-5218,10.00,-,-,-,3.49,-,1.20,14.69,0,0,0,0,0,0,0,,,,,,Monthly Charges,Bus Unl Data 10 GB HS Mobile Internet Gigabytes U n l i m ited -,"Jun 19, 2024"
615-795-8739,10.00,-,-,-,3.49,-,1.20,14.69,0,0,0,0,0,0,0,,,,,,Monthly Charges,Bus Unl Data 10 GB HS Mobile Internet Gigabytes U n l i m ited -,"Jun 19, 2024"
616-890-1550,25.00,-,-,-,3.49,-,0.77,29.26,0,0,0,0,0,0,0,,,,,,Monthly Charges,Bus Subsidy Select 5GBHS Mobile Internet Gigabytes U n l i m ited -,"Jun 19, 2024"
623-261-3585,10.00,-,-,-,3.49,-,1.20,14.69,0,0,0,0,0,0,0,,,,,,Monthly Charges,Bus Unl Data 10 GB HS Mobile Internet Gigabytes U n l i m ited -,"Jun 19, 2024"
641-444-8809,10.00,-,-,-,3.49,-,1.20,14.69,0,0,0,0,0,0,0,,,,,,Monthly Charges,Bus Unl Data 10 GB HS Mobile Internet Gigabytes U n l i m ited -,"Jun 19, 2024"
641-444-8811,10.00,-,-,-,3.49,-,1.20,14.69,0,0,0,0,0,0,0,,,,,,Monthly Charges,Bus Unl Data 10 GB HS Mobile Internet Gigabytes U n l i m ited -,"Jun 19, 2024"
678-464-7453,10.00,-,-,-,3.49,-,1.20,14.69,0,0,0,0,0,0,0,,,,,,Monthly Charges,Bus Unl Data 10 GB HS Mobile Internet Gigabytes U n l i m ited -,"Jun 19, 2024"
678-557-1999,25.00,-,-,-,3.49,-,1.87,30.36,0,0,0,0,0,0,0,,,,,,Monthly Charges,Bus Subsidy Select 5GBHS Mobile Internet Gigabytes U n l i m ited -,"Jun 19, 2024"
678-907-1656,25.00,-,-,-,3.49,-,1.87,30.36,0,0,0,0,0,0,0,,,,,,Monthly Charges,Bus Subsidy Select 5GBHS Mobile Internet Gigabytes U n l i m ited -,"Jun 19, 2024"
678-907-2011,25.00,-,-,-,3.49,-,1.87,30.36,0,0,0,0,0,0,0,,,,,,Monthly Charges,Bus Subsidy Select 5GBHS Mobile Internet Gigabytes U n l i m ited -,"Jun 19, 2024"
704-352-0396,25.00,-,-,-,3.49,-,1.04,29.53,0,0,0,0,0,0,0,,,,,,Monthly Charges,Bus Subsidy Select 5GBHS Mobile Internet Gigabytes U n l i m ited -,"Jun 19, 2024"
704-467-0271,10.00,-,-,-,3.49,-,1.20,14.69,0,0,0,0,0,0,0,,,,,,Monthly Charges,Bus Unl Data 10 GB HS Mobile Internet Gigabytes U n l i m ited -,"Jun 19, 2024"
704-497-8782,10.00,-,-,-,3.49,-,1.20,14.69,0,0,0,0,0,0,0,,,,,,Monthly Charges,Bus Unl Data 10 GB HS Mobile Internet Gigabytes U n l i m ited -,"Jun 19, 2024"
704-507-0393,10.00,-,-,-,3.49,-,1.20,14.69,0,0,0,0,0,0,0,,,,,,Monthly Charges,Bus Unl Data 10 GB HS Mobile Internet Gigabytes U n l i m ited -,"Jun 19, 2024"
704-834-0881,30.00,-,-,-,3.49,-,1.06,34.55,0,0,0,0,0,0,0,,,,,,Monthly Charges,Bus Subsidy Select 5GBHS Mobile Internet Gigabytes U n l i m ited -,"Jun 19, 2024"
704-913-8608,10.00,-,-,-,3.49,-,1.20,14.69,0,0,0,0,0,0,0,,,,,,Monthly Charges,Bus Unl Data 10 GB HS Mobile Internet Gigabytes U n l i m ited -,"Jun 19, 2024"
720-203-7349,25.00,-,-,-,3.49,-,2.90,31.39,0,0,0,0,0,0,0,,,,,,Monthly Charges,Bus Subsidy Select 5GBHS Mobile Internet Gigabytes U n l i m ited -,"Jun 19, 2024"
737-781-2050,25.00,-,-,-,3.49,-,1.63,30.12,0,0,0,0,0,0,0,,,,,,Monthly Charges,Bus Subsidy Select 5GBHS Mobile Internet Gigabytes U n l i m ited -,"Jun 19, 2024"
740-708-2292,25.00,-,-,-,3.49,-,0.77,29.26,0,0,0,0,0,0,0,,,,,,Monthly Charges,Bus Subsidy Select 5GBHS Mobile Internet Gigabytes U n l i m ited -,"Jun 19, 2024"
816-912-7749,10.00,-,-,-,3.49,-,2.82,16.31,0,0,0,0,0,0,0,,,,,,Monthly Charges,Bus Unl Data 10 GB HS Mobile Internet Gigabytes U n l i m ited -,"Jun 19, 2024"
832-425-2531,29.00,-,-,-,3.49,-,1.64,34.13,0,0,0,0,0,0,0,,,,,,Monthly Charges,Bus Subsidy Select 5GBHS Mobile Internet Gigabytes U n l i m ited -,"Jun 19, 2024"
832-946-2948,29.00,-,-,-,3.49,-,1.64,34.13,0,0,0,0,0,0,0,,,,,,Monthly Charges,Bus Subsidy Select 5GBHS Mobile Internet Gigabytes U n l i m ited -,"Jun 19, 2024"
864-789-0789,30.00,-,-,-,3.49,-,0.96,34.45,0,0,0,0,0,0,0,,,,,,Monthly Charges,Bus Subsidy Select 5GBHS Mobile Internet Gigabytes U n l i m ited -,"Jun 19, 2024"
904-921-0398,30.00,-,-,-,3.49,-,1.05,34.54,0,0,0,0,0,0,0,,,,,,Monthly Charges,Bus Subsidy Select 5GBHS Mobile Internet Gigabytes U n l i m ited -,"Jun 19, 2024"
916-842-0538,10.00,-,-,-,3.49,-,1.20,14.69,0,0,0,0,0,0,0,,,,,,Monthly Charges,Bus Unl Data 10 GB HS Mobile Internet Gigabytes U n l i m ited -,"Jun 19, 2024"
919-605-7406,30.00,-,-,-,3.49,-,1.23,34.72,0,0,0,0,0,0,0,,,,,,Monthly Charges,Bus Subsidy Select 5GBHS Mobile Internet Gigabytes U n l i m ited -,"Jun 19, 2024"
954-395-6975,25.00,-,-,-,3.49,-,1.00,29.49,0,0,0,0,0,0,0,,,,,,Monthly Charges,Bus Subsidy Select 5GBHS Mobile Internet Gigabytes U n l i m ited -,"Jun 19, 2024"
970-980-6366,10.00,-,-,-,3.49,-,1.20,14.69,0,0,0,0,0,0,0,,,,,,Monthly Charges,Bus Unl Data 10 GB HS Mobile Internet Gigabytes U n l i m ited -,"Jun 19, 2024"
971-261-8926,10.00,-,-,-,3.49,-,2.82,16.31,0,0,0,0,0,0,0,,,,,,Monthly Charges,Bus Unl Data 10 GB HS Mobile Internet Gigabytes U n l i m ited -,"Jun 19, 2024"
971-427-2678,25.00,-,-,-,3.49,-,1.99,30.48,0,0,0,0,0,0,0,,,,,,Monthly Charges,Bus Subsidy Select 5GBHS Mobile Internet Gigabytes U n l i m ited -,"Jun 19, 2024"
972-670-6840,10.00,-,-,-,3.49,-,1.20,14.69,0,0,0,0,0,0,0,,,,,,Monthly Charges,Bus Unl Data 10 GB HS Mobile Internet Gigabytes U n l i m ited -,"Jun 19, 2024"
972-670-6844,10.00,-,-,-,3.49,-,1.20,14.69,0,0,0,0,0,0,0,,,,,,Monthly Charges,Bus Unl Data 10 GB HS Mobile Internet Gigabytes U n l i m ited -,"Jun 19, 2024"
979-349-5642,25.00,-,-,-,3.49,-,1.58,30.07,0,0,0,0,0,0,0,,,,,,Monthly Charges,Bus Subsidy Select 5GBHS Mobile Internet Gigabytes U n l i m ited -,"Jun 19, 2024"
979-349-9828,25.00,-,-,-,3.49,-,1.58,30.07,0,0,0,0,0,0,0,,,,,,Monthly Charges,Bus Subsidy Select 5GBHS Mobile Internet Gigabytes U n l i m ited -,"Jun 19, 2024"
980-240-4402,10.00,-,-,-,3.49,-,1.20,14.69,0,0,0,0,0,0,0,,,,,,Monthly Charges,Bus Unl Data 10 GB HS Mobile Internet Gigabytes U n l i m ited -,"Jun 19, 2024"
Total,970.00,-,-,498.19,286.02,-,81.08,1835.29,0,0,0,0,0,0,0,,,,,,Monthly Charges,,"Jun 19, 2024"
