Account Number,Wireless Number,User Name,Connection Type,Address,Item Category,Item Description,Charges,Data,Minutes,Messages,Bill Cycle Date,Invoice Number,Note
NA,NA,NA,NA,NA,Previous Due Charges,Handsets,424.80,NA,NA,NA,NA,NA,NA
NA,NA,NA,NA,NA,Payment,Handsets,-$424.80,NA,NA,NA,NA,NA,NA
992056075,505 220-4069,"Klinger Constructors, Llc",Voice,"8701 WASHINGTON STREET NORTHEAST, Albuquerque NM 87113",Regular Chagres,Enterprise Unlimited Select,$39.99,NA,NA,NA,"Sep 08, 2024 - Oct 07, 2024",992056075-12,NA
992056075,505 220-4069,"Klinger Constructors, Llc",Voice,"8701 WASHINGTON STREET NORTHEAST, Albuquerque NM 87113",Taxes & Fees,Federal Universal Service Fund,$0.07,NA,NA,NA,"Sep 08, 2024 - Oct 07, 2024",992056075-12,NA
992056075,505 220-4069,"Klinger Constructors, Llc",Voice,"8701 WASHINGTON STREET NORTHEAST, Albuquerque NM 87113",Taxes & Fees,State & Local Sales Tax,$0.44,NA,NA,NA,"Sep 08, 2024 - Oct 07, 2024",992056075-12,NA
992056075,505 220-4069,"Klinger Constructors, Llc",Voice,"8701 WASHINGTON STREET NORTHEAST, Albuquerque NM 87113",Taxes & Fees,Regulatory Programs & Telco Recovery Fee,$3.49,NA,NA,NA,"Sep 08, 2024 - Oct 07, 2024",992056075-12,NA
992056075,505 220-4069,"Klinger Constructors, Llc",Voice,"8701 WASHINGTON STREET NORTHEAST, Albuquerque NM 87113",Taxes & Fees,TRS Surcharge,$0.01,NA,NA,NA,"Sep 08, 2024 - Oct 07, 2024",992056075-12,NA
992056075,505 220-4069,"Klinger Constructors, Llc",Voice,"8701 WASHINGTON STREET NORTHEAST, Albuquerque NM 87113",Taxes & Fees,State 911,$0.51,NA,NA,NA,"Sep 08, 2024 - Oct 07, 2024",992056075-12,NA
992056075,505 220-4069,"Klinger Constructors, Llc",Voice,"8701 WASHINGTON STREET NORTHEAST, Albuquerque NM 87113",Taxes & Fees,State Universal Service Fund,$1.13,NA,NA,NA,"Sep 08, 2024 - Oct 07, 2024",992056075-12,NA
992056075,505 220-4069,"Klinger Constructors, Llc",Voice,"8701 WASHINGTON STREET NORTHEAST, Albuquerque NM 87113",Usage,NA,NA,2.8069 GB,NA,NA,"Sep 08, 2024 - Oct 07, 2024",992056075-12,NA
992056075,505 220-4069,"Klinger Constructors, Llc",Voice,"8701 WASHINGTON STREET NORTHEAST, Albuquerque NM 87113",Usage,NA,NA,NA,148,NA,"Sep 08, 2024 - Oct 07, 2024",992056075-12,NA
992056075,505 220-4069,"Klinger Constructors, Llc",Voice,"8701 WASHINGTON STREET NORTHEAST, Albuquerque NM 87113",Usage,NA,NA,NA,NA,22,"Sep 08, 2024 - Oct 07, 2024",992056075-12,NA
992056075,505 263-8011,"Klinger Constructors, Llc",Connected Device,"8701 WASHINGTON STREET NORTHEAST, Albuquerque NM 87113",Regular Chagres,Bus Unl Tablet 10 GB HS,$25.00,NA,NA,NA,"Sep 08, 2024 - Oct 07, 2024",992056075-12,NA
992056075,505 263-8011,"Klinger Constructors, Llc",Connected Device,"8701 WASHINGTON STREET NORTHEAST, Albuquerque NM 87113",Taxes & Fees,Regulatory Programs & Telco Recovery Fee,$1.40,NA,NA,NA,"Sep 08, 2024 - Oct 07, 2024",992056075-12,NA
992056075,505 263-8011,"Klinger Constructors, Llc",Connected Device,"8701 WASHINGTON STREET NORTHEAST, Albuquerque NM 87113",Usage,NA,NA,11.0326 GB,NA,NA,"Sep 08, 2024 - Oct 07, 2024",992056075-12,NA
992056075,505 280-2740,"Klinger Constructors, Llc",Voice,"8701 WASHINGTON STREET NORTHEAST, Albuquerque NM 87113",Regular Chagres,Enterprise Unlimited Select,$39.99,NA,NA,NA,"Sep 08, 2024 - Oct 07, 2024",992056075-12,NA
992056075,505 280-2740,"Klinger Constructors, Llc",Voice,"8701 WASHINGTON STREET NORTHEAST, Albuquerque NM 87113",Taxes & Fees,Federal Universal Service Fund,$0.07,NA,NA,NA,"Sep 08, 2024 - Oct 07, 2024",992056075-12,NA
992056075,505 280-2740,"Klinger Constructors, Llc",Voice,"8701 WASHINGTON STREET NORTHEAST, Albuquerque NM 87113",Taxes & Fees,State & Local Sales Tax,$0.44,NA,NA,NA,"Sep 08, 2024 - Oct 07, 2024",992056075-12,NA
992056075,505 280-2740,"Klinger Constructors, Llc",Voice,"8701 WASHINGTON STREET NORTHEAST, Albuquerque NM 87113",Taxes & Fees,Regulatory Programs & Telco Recovery Fee,$3.49,NA,NA,NA,"Sep 08, 2024 - Oct 07, 2024",992056075-12,NA
992056075,505 280-2740,"Klinger Constructors, Llc",Voice,"8701 WASHINGTON STREET NORTHEAST, Albuquerque NM 87113",Taxes & Fees,TRS Surcharge,$0.01,NA,NA,NA,"Sep 08, 2024 - Oct 07, 2024",992056075-12,NA
992056075,505 280-2740,"Klinger Constructors, Llc",Voice,"8701 WASHINGTON STREET NORTHEAST, Albuquerque NM 87113",Taxes & Fees,State 911,$0.51,NA,NA,NA,"Sep 08, 2024 - Oct 07, 2024",992056075-12,NA
992056075,505 280-2740,"Klinger Constructors, Llc",Voice,"8701 WASHINGTON STREET NORTHEAST, Albuquerque NM 87113",Taxes & Fees,State Universal Service Fund,$1.13,NA,NA,NA,"Sep 08, 2024 - Oct 07, 2024",992056075-12,NA
992056075,505 280-2740,"Klinger Constructors, Llc",Voice,"8701 WASHINGTON STREET NORTHEAST, Albuquerque NM 87113",Usage,NA,NA,25.9544 GB,NA,NA,"Sep 08, 2024 - Oct 07, 2024",992056075-12,NA
992056075,505 280-2740,"Klinger Constructors, Llc",Voice,"8701 WASHINGTON STREET NORTHEAST, Albuquerque NM 87113",Usage,NA,NA,NA,725,NA,"Sep 08, 2024 - Oct 07, 2024",992056075-12,NA
992056075,505 280-2740,"Klinger Constructors, Llc",Voice,"8701 WASHINGTON STREET NORTHEAST, Albuquerque NM 87113",Usage,NA,NA,NA,NA,468,"Sep 08, 2024 - Oct 07, 2024",992056075-12,NA
992056075,505 306-2070,"Klinger Constructors, Llc",Connected Device,"8701 WASHINGTON STREET NORTHEAST, Albuquerque NM 87113",Regular Chagres,Bus Unl Tablet 10 GB HS,$25.00,NA,NA,NA,"Sep 08, 2024 - Oct 07, 2024",992056075-12,NA
992056075,505 306-2070,"Klinger Constructors, Llc",Connected Device,"8701 WASHINGTON STREET NORTHEAST, Albuquerque NM 87113",Taxes & Fees,Regulatory Programs & Telco Recovery Fee,$1.40,NA,NA,NA,"Sep 08, 2024 - Oct 07, 2024",992056075-12,NA
992056075,505 306-2070,"Klinger Constructors, Llc",Connected Device,"8701 WASHINGTON STREET NORTHEAST, Albuquerque NM 87113",Usage,NA,NA,0.1363 GB,NA,NA,"Sep 08, 2024 - Oct 07, 2024",992056075-12,NA
992056075,505 318-6034,"Klinger Constructors, Llc",Voice,"8701 WASHINGTON STREET NORTHEAST, Albuquerque NM 87113",Regular Chagres,Enterprise Unlimited Select,$39.99,NA,NA,NA,"Sep 08, 2024 - Oct 07, 2024",992056075-12,NA
992056075,505 318-6034,"Klinger Constructors, Llc",Voice,"8701 WASHINGTON STREET NORTHEAST, Albuquerque NM 87113",Taxes & Fees,Federal Universal Service Fund,$0.07,NA,NA,NA,"Sep 08, 2024 - Oct 07, 2024",992056075-12,NA
992056075,505 318-6034,"Klinger Constructors, Llc",Voice,"8701 WASHINGTON STREET NORTHEAST, Albuquerque NM 87113",Taxes & Fees,State & Local Sales Tax,$0.44,NA,NA,NA,"Sep 08, 2024 - Oct 07, 2024",992056075-12,NA
992056075,505 318-6034,"Klinger Constructors, Llc",Voice,"8701 WASHINGTON STREET NORTHEAST, Albuquerque NM 87113",Taxes & Fees,Regulatory Programs & Telco Recovery Fee,$3.49,NA,NA,NA,"Sep 08, 2024 - Oct 07, 2024",992056075-12,NA
992056075,505 318-6034,"Klinger Constructors, Llc",Voice,"8701 WASHINGTON STREET NORTHEAST, Albuquerque NM 87113",Taxes & Fees,TRS Surcharge,$0.01,NA,NA,NA,"Sep 08, 2024 - Oct 07, 2024",992056075-12,NA
992056075,505 318-6034,"Klinger Constructors, Llc",Voice,"8701 WASHINGTON STREET NORTHEAST, Albuquerque NM 87113",Taxes & Fees,State 911,$0.51,NA,NA,NA,"Sep 08, 2024 - Oct 07, 2024",992056075-12,NA
992056075,505 318-6034,"Klinger Constructors, Llc",Voice,"8701 WASHINGTON STREET NORTHEAST, Albuquerque NM 87113",Taxes & Fees,State Universal Service Fund,$1.13,NA,NA,NA,"Sep 08, 2024 - Oct 07, 2024",992056075-12,NA
992056075,505 318-6034,"Klinger Constructors, Llc",Voice,"8701 WASHINGTON STREET NORTHEAST, Albuquerque NM 87113",Usage,NA,NA,5.3678 GB,NA,NA,"Sep 08, 2024 - Oct 07, 2024",992056075-12,NA
992056075,505 318-6034,"Klinger Constructors, Llc",Voice,"8701 WASHINGTON STREET NORTHEAST, Albuquerque NM 87113",Usage,NA,NA,NA,"1,447",NA,"Sep 08, 2024 - Oct 07, 2024",992056075-12,NA
992056075,505 318-6034,"Klinger Constructors, Llc",Voice,"8701 WASHINGTON STREET NORTHEAST, Albuquerque NM 87113",Usage,NA,NA,NA,NA,114,"Sep 08, 2024 - Oct 07, 2024",992056075-12,NA
992056075,505 401-0870,"Klinger Constructors, Llc",Voice,"8701 WASHINGTON STREET NORTHEAST, Albuquerque NM 87113",Regular Chagres,Enterprise Unlimited Select,$39.99,NA,NA,NA,"Sep 08, 2024 - Oct 07, 2024",992056075-12,NA
992056075,505 401-0870,"Klinger Constructors, Llc",Voice,"8701 WASHINGTON STREET NORTHEAST, Albuquerque NM 87113",Taxes & Fees,Federal Universal Service Fund,$0.07,NA,NA,NA,"Sep 08, 2024 - Oct 07, 2024",992056075-12,NA
992056075,505 401-0870,"Klinger Constructors, Llc",Voice,"8701 WASHINGTON STREET NORTHEAST, Albuquerque NM 87113",Taxes & Fees,State & Local Sales Tax,$0.44,NA,NA,NA,"Sep 08, 2024 - Oct 07, 2024",992056075-12,NA
992056075,505 401-0870,"Klinger Constructors, Llc",Voice,"8701 WASHINGTON STREET NORTHEAST, Albuquerque NM 87113",Taxes & Fees,Regulatory Programs & Telco Recovery Fee,$3.49,NA,NA,NA,"Sep 08, 2024 - Oct 07, 2024",992056075-12,NA
992056075,505 401-0870,"Klinger Constructors, Llc",Voice,"8701 WASHINGTON STREET NORTHEAST, Albuquerque NM 87113",Taxes & Fees,TRS Surcharge,$0.01,NA,NA,NA,"Sep 08, 2024 - Oct 07, 2024",992056075-12,NA
992056075,505 401-0870,"Klinger Constructors, Llc",Voice,"8701 WASHINGTON STREET NORTHEAST, Albuquerque NM 87113",Taxes & Fees,State 911,$0.51,NA,NA,NA,"Sep 08, 2024 - Oct 07, 2024",992056075-12,NA
992056075,505 401-0870,"Klinger Constructors, Llc",Voice,"8701 WASHINGTON STREET NORTHEAST, Albuquerque NM 87113",Taxes & Fees,State Universal Service Fund,$1.13,NA,NA,NA,"Sep 08, 2024 - Oct 07, 2024",992056075-12,NA
992056075,505 401-0870,"Klinger Constructors, Llc",Voice,"8701 WASHINGTON STREET NORTHEAST, Albuquerque NM 87113",Usage,NA,NA,2.9445 GB,NA,NA,"Sep 08, 2024 - Oct 07, 2024",992056075-12,NA
992056075,505 401-0870,"Klinger Constructors, Llc",Voice,"8701 WASHINGTON STREET NORTHEAST, Albuquerque NM 87113",Usage,NA,NA,NA,"1,214",NA,"Sep 08, 2024 - Oct 07, 2024",992056075-12,NA
992056075,505 401-0870,"Klinger Constructors, Llc",Voice,"8701 WASHINGTON STREET NORTHEAST, Albuquerque NM 87113",Usage,NA,NA,NA,NA,155,"Sep 08, 2024 - Oct 07, 2024",992056075-12,NA
992056075,505 463-9388,"Klinger Constructors, Llc",Voice,"8701 WASHINGTON STREET NORTHEAST, Albuquerque NM 87113",Regular Chagres,Enterprise Unlimited Select,$39.99,NA,NA,NA,"Sep 08, 2024 - Oct 07, 2024",992056075-12,NA
992056075,505 463-9388,"Klinger Constructors, Llc",Voice,"8701 WASHINGTON STREET NORTHEAST, Albuquerque NM 87113",Taxes & Fees,Federal Universal Service Fund,$0.07,NA,NA,NA,"Sep 08, 2024 - Oct 07, 2024",992056075-12,NA
992056075,505 463-9388,"Klinger Constructors, Llc",Voice,"8701 WASHINGTON STREET NORTHEAST, Albuquerque NM 87113",Taxes & Fees,State & Local Sales Tax,$0.44,NA,NA,NA,"Sep 08, 2024 - Oct 07, 2024",992056075-12,NA
992056075,505 463-9388,"Klinger Constructors, Llc",Voice,"8701 WASHINGTON STREET NORTHEAST, Albuquerque NM 87113",Taxes & Fees,Regulatory Programs & Telco Recovery Fee,$3.49,NA,NA,NA,"Sep 08, 2024 - Oct 07, 2024",992056075-12,NA
992056075,505 463-9388,"Klinger Constructors, Llc",Voice,"8701 WASHINGTON STREET NORTHEAST, Albuquerque NM 87113",Taxes & Fees,TRS Surcharge,$0.01,NA,NA,NA,"Sep 08, 2024 - Oct 07, 2024",992056075-12,NA
992056075,505 463-9388,"Klinger Constructors, Llc",Voice,"8701 WASHINGTON STREET NORTHEAST, Albuquerque NM 87113",Taxes & Fees,State 911,$0.51,NA,NA,NA,"Sep 08, 2024 - Oct 07, 2024",992056075-12,NA
992056075,505 463-9388,"Klinger Constructors, Llc",Voice,"8701 WASHINGTON STREET NORTHEAST, Albuquerque NM 87113",Taxes & Fees,State Universal Service Fund,$1.13,NA,NA,NA,"Sep 08, 2024 - Oct 07, 2024",992056075-12,NA
992056075,505 463-9388,"Klinger Constructors, Llc",Voice,"8701 WASHINGTON STREET NORTHEAST, Albuquerque NM 87113",Usage,NA,NA,7.6278 GB,NA,NA,"Sep 08, 2024 - Oct 07, 2024",992056075-12,NA
992056075,505 463-9388,"Klinger Constructors, Llc",Voice,"8701 WASHINGTON STREET NORTHEAST, Albuquerque NM 87113",Usage,NA,NA,NA,"1,022",NA,"Sep 08, 2024 - Oct 07, 2024",992056075-12,NA
992056075,505 463-9388,"Klinger Constructors, Llc",Voice,"8701 WASHINGTON STREET NORTHEAST, Albuquerque NM 87113",Usage,NA,NA,NA,NA,93,"Sep 08, 2024 - Oct 07, 2024",992056075-12,NA
992056075,505 463-9900,"Klinger Constructors, Llc",Voice,"8701 WASHINGTON STREET NORTHEAST, Albuquerque NM 87113",Regular Chagres,Enterprise Unlimited Select,$39.99,NA,NA,NA,"Sep 08, 2024 - Oct 07, 2024",992056075-12,NA
992056075,505 463-9900,"Klinger Constructors, Llc",Voice,"8701 WASHINGTON STREET NORTHEAST, Albuquerque NM 87113",Taxes & Fees,Federal Universal Service Fund,$0.07,NA,NA,NA,"Sep 08, 2024 - Oct 07, 2024",992056075-12,NA
992056075,505 463-9900,"Klinger Constructors, Llc",Voice,"8701 WASHINGTON STREET NORTHEAST, Albuquerque NM 87113",Taxes & Fees,State & Local Sales Tax,$0.44,NA,NA,NA,"Sep 08, 2024 - Oct 07, 2024",992056075-12,NA
992056075,505 463-9900,"Klinger Constructors, Llc",Voice,"8701 WASHINGTON STREET NORTHEAST, Albuquerque NM 87113",Taxes & Fees,Regulatory Programs & Telco Recovery Fee,$3.49,NA,NA,NA,"Sep 08, 2024 - Oct 07, 2024",992056075-12,NA
992056075,505 463-9900,"Klinger Constructors, Llc",Voice,"8701 WASHINGTON STREET NORTHEAST, Albuquerque NM 87113",Taxes & Fees,TRS Surcharge,$0.01,NA,NA,NA,"Sep 08, 2024 - Oct 07, 2024",992056075-12,NA
992056075,505 463-9900,"Klinger Constructors, Llc",Voice,"8701 WASHINGTON STREET NORTHEAST, Albuquerque NM 87113",Taxes & Fees,State 911,$0.51,NA,NA,NA,"Sep 08, 2024 - Oct 07, 2024",992056075-12,NA
992056075,505 463-9900,"Klinger Constructors, Llc",Voice,"8701 WASHINGTON STREET NORTHEAST, Albuquerque NM 87113",Taxes & Fees,State Universal Service Fund,$1.13,NA,NA,NA,"Sep 08, 2024 - Oct 07, 2024",992056075-12,NA
992056075,505 463-9900,"Klinger Constructors, Llc",Voice,"8701 WASHINGTON STREET NORTHEAST, Albuquerque NM 87113",Usage,NA,NA,1.1612 GB,NA,NA,"Sep 08, 2024 - Oct 07, 2024",992056075-12,NA
992056075,505 463-9900,"Klinger Constructors, Llc",Voice,"8701 WASHINGTON STREET NORTHEAST, Albuquerque NM 87113",Usage,NA,NA,NA,398,NA,"Sep 08, 2024 - Oct 07, 2024",992056075-12,NA
992056075,505 463-9900,"Klinger Constructors, Llc",Voice,"8701 WASHINGTON STREET NORTHEAST, Albuquerque NM 87113",Usage,NA,NA,NA,NA,8,"Sep 08, 2024 - Oct 07, 2024",992056075-12,NA
992056075,505 604-4597,"Klinger Constructors, Llc",Voice,"8701 WASHINGTON STREET NORTHEAST, Albuquerque NM 87113",Regular Chagres,Enterprise Unlimited Select,$39.99,NA,NA,NA,"Sep 08, 2024 - Oct 07, 2024",992056075-12,NA
992056075,505 604-4597,"Klinger Constructors, Llc",Voice,"8701 WASHINGTON STREET NORTHEAST, Albuquerque NM 87113",Taxes & Fees,Federal Universal Service Fund,$0.07,NA,NA,NA,"Sep 08, 2024 - Oct 07, 2024",992056075-12,NA
992056075,505 604-4597,"Klinger Constructors, Llc",Voice,"8701 WASHINGTON STREET NORTHEAST, Albuquerque NM 87113",Taxes & Fees,State & Local Sales Tax,$0.44,NA,NA,NA,"Sep 08, 2024 - Oct 07, 2024",992056075-12,NA
992056075,505 604-4597,"Klinger Constructors, Llc",Voice,"8701 WASHINGTON STREET NORTHEAST, Albuquerque NM 87113",Taxes & Fees,Regulatory Programs & Telco Recovery Fee,$3.49,NA,NA,NA,"Sep 08, 2024 - Oct 07, 2024",992056075-12,NA
992056075,505 604-4597,"Klinger Constructors, Llc",Voice,"8701 WASHINGTON STREET NORTHEAST, Albuquerque NM 87113",Taxes & Fees,TRS Surcharge,$0.01,NA,NA,NA,"Sep 08, 2024 - Oct 07, 2024",992056075-12,NA
992056075,505 604-4597,"Klinger Constructors, Llc",Voice,"8701 WASHINGTON STREET NORTHEAST, Albuquerque NM 87113",Taxes & Fees,State 911,$0.51,NA,NA,NA,"Sep 08, 2024 - Oct 07, 2024",992056075-12,NA
992056075,505 604-4597,"Klinger Constructors, Llc",Voice,"8701 WASHINGTON STREET NORTHEAST, Albuquerque NM 87113",Taxes & Fees,State Universal Service Fund,$1.13,NA,NA,NA,"Sep 08, 2024 - Oct 07, 2024",992056075-12,NA
992056075,505 604-4597,"Klinger Constructors, Llc",Voice,"8701 WASHINGTON STREET NORTHEAST, Albuquerque NM 87113",Usage,NA,NA,4.6022 GB,NA,NA,"Sep 08, 2024 - Oct 07, 2024",992056075-12,NA
992056075,505 604-4597,"Klinger Constructors, Llc",Voice,"8701 WASHINGTON STREET NORTHEAST, Albuquerque NM 87113",Usage,NA,NA,NA,202,NA,"Sep 08, 2024 - Oct 07, 2024",992056075-12,NA
992056075,505 604-4597,"Klinger Constructors, Llc",Voice,"8701 WASHINGTON STREET NORTHEAST, Albuquerque NM 87113",Usage,NA,NA,NA,NA,102,"Sep 08, 2024 - Oct 07, 2024",992056075-12,NA
992056075,505 688-7343,"Klinger Constructors, Llc",Voice,"8701 WASHINGTON STREET NORTHEAST, Albuquerque NM 87113",Regular Chagres,Enterprise Unlimited Select,$39.99,NA,NA,NA,"Sep 08, 2024 - Oct 07, 2024",992056075-12,NA
992056075,505 688-7343,"Klinger Constructors, Llc",Voice,"8701 WASHINGTON STREET NORTHEAST, Albuquerque NM 87113",Taxes & Fees,Federal Universal Service Fund,$0.07,NA,NA,NA,"Sep 08, 2024 - Oct 07, 2024",992056075-12,NA
992056075,505 688-7343,"Klinger Constructors, Llc",Voice,"8701 WASHINGTON STREET NORTHEAST, Albuquerque NM 87113",Taxes & Fees,State & Local Sales Tax,$0.44,NA,NA,NA,"Sep 08, 2024 - Oct 07, 2024",992056075-12,NA
992056075,505 688-7343,"Klinger Constructors, Llc",Voice,"8701 WASHINGTON STREET NORTHEAST, Albuquerque NM 87113",Taxes & Fees,Regulatory Programs & Telco Recovery Fee,$3.49,NA,NA,NA,"Sep 08, 2024 - Oct 07, 2024",992056075-12,NA
992056075,505 688-7343,"Klinger Constructors, Llc",Voice,"8701 WASHINGTON STREET NORTHEAST, Albuquerque NM 87113",Taxes & Fees,TRS Surcharge,$0.01,NA,NA,NA,"Sep 08, 2024 - Oct 07, 2024",992056075-12,NA
992056075,505 688-7343,"Klinger Constructors, Llc",Voice,"8701 WASHINGTON STREET NORTHEAST, Albuquerque NM 87113",Taxes & Fees,State 911,$0.51,NA,NA,NA,"Sep 08, 2024 - Oct 07, 2024",992056075-12,NA
992056075,505 688-7343,"Klinger Constructors, Llc",Voice,"8701 WASHINGTON STREET NORTHEAST, Albuquerque NM 87113",Taxes & Fees,State Universal Service Fund,$1.13,NA,NA,NA,"Sep 08, 2024 - Oct 07, 2024",992056075-12,NA
992056075,505 688-7343,"Klinger Constructors, Llc",Voice,"8701 WASHINGTON STREET NORTHEAST, Albuquerque NM 87113",Usage,NA,NA,7.5516 GB,NA,NA,"Sep 08, 2024 - Oct 07, 2024",992056075-12,NA
992056075,505 688-7343,"Klinger Constructors, Llc",Voice,"8701 WASHINGTON STREET NORTHEAST, Albuquerque NM 87113",Usage,NA,NA,NA,715,NA,"Sep 08, 2024 - Oct 07, 2024",992056075-12,NA
992056075,505 688-7343,"Klinger Constructors, Llc",Voice,"8701 WASHINGTON STREET NORTHEAST, Albuquerque NM 87113",Usage,NA,NA,NA,NA,95,"Sep 08, 2024 - Oct 07, 2024",992056075-12,NA
992056075,505 340-7050,"Mpp Management, Inc.",Voice,"2900 E HWY 31, Corsicana TX 75109-9482",Regular Chagres,Enterprise Unlimited Select,$39.99,NA,NA,NA,"Sep 08, 2024 - Oct 07, 2024",992056075-12,NA
992056075,505 340-7050,"Mpp Management, Inc.",Voice,"2900 E HWY 31, Corsicana TX 75109-9482",Taxes & Fees,Federal Universal Service Fund,$0.07,NA,NA,NA,"Sep 08, 2024 - Oct 07, 2024",992056075-12,NA
992056075,505 340-7050,"Mpp Management, Inc.",Voice,"2900 E HWY 31, Corsicana TX 75109-9482",Taxes & Fees,TX Recovery Fee,$0.30,NA,NA,NA,"Sep 08, 2024 - Oct 07, 2024",992056075-12,NA
992056075,505 340-7050,"Mpp Management, Inc.",Voice,"2900 E HWY 31, Corsicana TX 75109-9482",Taxes & Fees,State Universal Service Fund,$0.48,NA,NA,NA,"Sep 08, 2024 - Oct 07, 2024",992056075-12,NA
992056075,505 340-7050,"Mpp Management, Inc.",Voice,"2900 E HWY 31, Corsicana TX 75109-9482",Taxes & Fees,Regulatory Programs & Telco Recovery Fee,$3.49,NA,NA,NA,"Sep 08, 2024 - Oct 07, 2024",992056075-12,NA
992056075,505 340-7050,"Mpp Management, Inc.",Voice,"2900 E HWY 31, Corsicana TX 75109-9482",Taxes & Fees,State & Local Sales Tax,$0.40,NA,NA,NA,"Sep 08, 2024 - Oct 07, 2024",992056075-12,NA
992056075,505 340-7050,"Mpp Management, Inc.",Voice,"2900 E HWY 31, Corsicana TX 75109-9482",Taxes & Fees,State Surcharge,$0.06,NA,NA,NA,"Sep 08, 2024 - Oct 07, 2024",992056075-12,NA
992056075,505 340-7050,"Mpp Management, Inc.",Voice,"2900 E HWY 31, Corsicana TX 75109-9482",Taxes & Fees,State 911,$0.50,NA,NA,NA,"Sep 08, 2024 - Oct 07, 2024",992056075-12,NA
992056075,505 340-7050,"Mpp Management, Inc.",Voice,"2900 E HWY 31, Corsicana TX 75109-9482",Usage,NA,NA,2.5521 GB,NA,NA,"Sep 08, 2024 - Oct 07, 2024",992056075-12,NA
992056075,505 340-7050,"Mpp Management, Inc.",Voice,"2900 E HWY 31, Corsicana TX 75109-9482",Usage,NA,NA,NA,"1,034",NA,"Sep 08, 2024 - Oct 07, 2024",992056075-12,NA
992056075,505 340-7050,"Mpp Management, Inc.",Voice,"2900 E HWY 31, Corsicana TX 75109-9482",Usage,NA,NA,NA,NA,167,"Sep 08, 2024 - Oct 07, 2024",992056075-12,NA
992056075,505 340-7050,"Mpp Management, Inc.",Voice,"2900 E HWY 31, Corsicana TX 75109-9482",Usage,to Albuqurque/NM F 1 - Totals,$0.00,NA,NA,NA,"Sep 08, 2024 - Oct 07, 2024",992056075-12,NA
992056075,505 340-7050,"Mpp Management, Inc.",Voice,"2900 E HWY 31, Corsicana TX 75109-9482",Usage,Incoming - 2 - Totals 725,$0.00,NA,NA,NA,"Sep 08, 2024 - Oct 07, 2024",992056075-12,NA
992056075,505 340-7050,"Mpp Management, Inc.",Voice,"2900 E HWY 31, Corsicana TX 75109-9482",Usage,"Albuqurque, NM L - Totals",$0.00,NA,NA,NA,"Sep 08, 2024 - Oct 07, 2024",992056075-12,NA
992056075,505 340-7050,"Mpp Management, Inc.",Voice,"2900 E HWY 31, Corsicana TX 75109-9482",Usage,"to Albuqurque/NM - 5 - Totals 1,447",$0.00,NA,NA,NA,"Sep 08, 2024 - Oct 07, 2024",992056075-12,NA
992056075,505 340-7050,"Mpp Management, Inc.",Voice,"2900 E HWY 31, Corsicana TX 75109-9482",Usage,"- L - Totals 5,496.6356",$0.00,NA,NA,NA,"Sep 08, 2024 - Oct 07, 2024",992056075-12,NA
992056075,505 340-7050,"Mpp Management, Inc.",Voice,"2900 E HWY 31, Corsicana TX 75109-9482",Usage,"Albuqurque, NM L - Totals 3,015.2095",$0.00,NA,NA,NA,"Sep 08, 2024 - Oct 07, 2024",992056075-12,NA
992056075,505 340-7050,"Mpp Management, Inc.",Voice,"2900 E HWY 31, Corsicana TX 75109-9482",Usage,Totals,$0.00,NA,NA,NA,"Sep 08, 2024 - Oct 07, 2024",992056075-12,NA
992056075,505 340-7050,"Mpp Management, Inc.",Voice,"2900 E HWY 31, Corsicana TX 75109-9482",Usage,to Albuqurque/NM F 3 - Totals 398,$0.00,NA,NA,NA,"Sep 08, 2024 - Oct 07, 2024",992056075-12,NA
992056075,505 340-7050,"Mpp Management, Inc.",Voice,"2900 E HWY 31, Corsicana TX 75109-9482",Usage,to Albuqurque/NM F 7 - Totals,$0.00,NA,NA,NA,"Sep 08, 2024 - Oct 07, 2024",992056075-12,NA
992056075,505 340-7050,"Mpp Management, Inc.",Voice,"2900 E HWY 31, Corsicana TX 75109-9482",Usage,to Albuqurque/NM F 4 - Totals 202,$0.00,NA,NA,NA,"Sep 08, 2024 - Oct 07, 2024",992056075-12,NA
992056075,505 340-7050,"Mpp Management, Inc.",Voice,"2900 E HWY 31, Corsicana TX 75109-9482",Usage,"Albuqurque, NM L - Totals 4,712.6623",$0.00,NA,NA,NA,"Sep 08, 2024 - Oct 07, 2024",992056075-12,NA
992056075,505 340-7050,"Mpp Management, Inc.",Voice,"2900 E HWY 31, Corsicana TX 75109-9482",Usage,Totals,$0.00,NA,NA,NA,"Sep 08, 2024 - Oct 07, 2024",992056075-12,NA
992056075,505 340-7050,"Mpp Management, Inc.",Voice,"2900 E HWY 31, Corsicana TX 75109-9482",Usage,"2,613.3923",$0.00,NA,NA,NA,"Sep 08, 2024 - Oct 07, 2024",992056075-12,NA
